<application>
  <component name="ProjectJdkTable">
    <jdk version="2">
      <name value="16" />
      <type value="JavaSDK" />
      <version value="version 16.0.1" />
      <homePath value="$USER_HOME$/.sdkman/candidates/java/16.0.1.j9-adpt" />
      <roots>
        <annotationsPath>
          <root type="composite">
            <root url="jar://$APPLICATION_HOME_DIR$/plugins/java/lib/jdkAnnotations.jar!/" type="simple" />
          </root>
        </annotationsPath>
        <classPath>
          <root type="composite">
            <root url="jrt:///home/carlb/.sdkman/candidates/java/16.0.1.j9-adpt!/java.base" type="simple" />
            <root url="jrt:///home/carlb/.sdkman/candidates/java/16.0.1.j9-adpt!/java.compiler" type="simple" />
            <root url="jrt:///home/carlb/.sdkman/candidates/java/16.0.1.j9-adpt!/java.datatransfer" type="simple" />
            <root url="jrt:///home/carlb/.sdkman/candidates/java/16.0.1.j9-adpt!/java.desktop" type="simple" />
            <root url="jrt:///home/carlb/.sdkman/candidates/java/16.0.1.j9-adpt!/java.instrument" type="simple" />
            <root url="jrt:///home/carlb/.sdkman/candidates/java/16.0.1.j9-adpt!/java.logging" type="simple" />
            <root url="jrt:///home/carlb/.sdkman/candidates/java/16.0.1.j9-adpt!/java.management" type="simple" />
            <root url="jrt:///home/carlb/.sdkman/candidates/java/16.0.1.j9-adpt!/java.management.rmi" type="simple" />
            <root url="jrt:///home/carlb/.sdkman/candidates/java/16.0.1.j9-adpt!/java.naming" type="simple" />
            <root url="jrt:///home/carlb/.sdkman/candidates/java/16.0.1.j9-adpt!/java.net.http" type="simple" />
            <root url="jrt:///home/carlb/.sdkman/candidates/java/16.0.1.j9-adpt!/java.prefs" type="simple" />
            <root url="jrt:///home/carlb/.sdkman/candidates/java/16.0.1.j9-adpt!/java.rmi" type="simple" />
            <root url="jrt:///home/carlb/.sdkman/candidates/java/16.0.1.j9-adpt!/java.scripting" type="simple" />
            <root url="jrt:///home/carlb/.sdkman/candidates/java/16.0.1.j9-adpt!/java.se" type="simple" />
            <root url="jrt:///home/carlb/.sdkman/candidates/java/16.0.1.j9-adpt!/java.security.jgss" type="simple" />
            <root url="jrt:///home/carlb/.sdkman/candidates/java/16.0.1.j9-adpt!/java.security.sasl" type="simple" />
            <root url="jrt:///home/carlb/.sdkman/candidates/java/16.0.1.j9-adpt!/java.smartcardio" type="simple" />
            <root url="jrt:///home/carlb/.sdkman/candidates/java/16.0.1.j9-adpt!/java.sql" type="simple" />
            <root url="jrt:///home/carlb/.sdkman/candidates/java/16.0.1.j9-adpt!/java.sql.rowset" type="simple" />
            <root url="jrt:///home/carlb/.sdkman/candidates/java/16.0.1.j9-adpt!/java.transaction.xa" type="simple" />
            <root url="jrt:///home/carlb/.sdkman/candidates/java/16.0.1.j9-adpt!/java.xml" type="simple" />
            <root url="jrt:///home/carlb/.sdkman/candidates/java/16.0.1.j9-adpt!/java.xml.crypto" type="simple" />
            <root url="jrt:///home/carlb/.sdkman/candidates/java/16.0.1.j9-adpt!/jdk.accessibility" type="simple" />
            <root url="jrt:///home/carlb/.sdkman/candidates/java/16.0.1.j9-adpt!/jdk.attach" type="simple" />
            <root url="jrt:///home/carlb/.sdkman/candidates/java/16.0.1.j9-adpt!/jdk.charsets" type="simple" />
            <root url="jrt:///home/carlb/.sdkman/candidates/java/16.0.1.j9-adpt!/jdk.compiler" type="simple" />
            <root url="jrt:///home/carlb/.sdkman/candidates/java/16.0.1.j9-adpt!/jdk.crypto.cryptoki" type="simple" />
            <root url="jrt:///home/carlb/.sdkman/candidates/java/16.0.1.j9-adpt!/jdk.crypto.ec" type="simple" />
            <root url="jrt:///home/carlb/.sdkman/candidates/java/16.0.1.j9-adpt!/jdk.dynalink" type="simple" />
            <root url="jrt:///home/carlb/.sdkman/candidates/java/16.0.1.j9-adpt!/jdk.editpad" type="simple" />
            <root url="jrt:///home/carlb/.sdkman/candidates/java/16.0.1.j9-adpt!/jdk.httpserver" type="simple" />
            <root url="jrt:///home/carlb/.sdkman/candidates/java/16.0.1.j9-adpt!/jdk.incubator.foreign" type="simple" />
            <root url="jrt:///home/carlb/.sdkman/candidates/java/16.0.1.j9-adpt!/jdk.incubator.vector" type="simple" />
            <root url="jrt:///home/carlb/.sdkman/candidates/java/16.0.1.j9-adpt!/jdk.internal.ed" type="simple" />
            <root url="jrt:///home/carlb/.sdkman/candidates/java/16.0.1.j9-adpt!/jdk.internal.jvmstat" type="simple" />
            <root url="jrt:///home/carlb/.sdkman/candidates/java/16.0.1.j9-adpt!/jdk.internal.le" type="simple" />
            <root url="jrt:///home/carlb/.sdkman/candidates/java/16.0.1.j9-adpt!/jdk.internal.opt" type="simple" />
            <root url="jrt:///home/carlb/.sdkman/candidates/java/16.0.1.j9-adpt!/jdk.jartool" type="simple" />
            <root url="jrt:///home/carlb/.sdkman/candidates/java/16.0.1.j9-adpt!/jdk.javadoc" type="simple" />
            <root url="jrt:///home/carlb/.sdkman/candidates/java/16.0.1.j9-adpt!/jdk.jcmd" type="simple" />
            <root url="jrt:///home/carlb/.sdkman/candidates/java/16.0.1.j9-adpt!/jdk.jconsole" type="simple" />
            <root url="jrt:///home/carlb/.sdkman/candidates/java/16.0.1.j9-adpt!/jdk.jdeps" type="simple" />
            <root url="jrt:///home/carlb/.sdkman/candidates/java/16.0.1.j9-adpt!/jdk.jdi" type="simple" />
            <root url="jrt:///home/carlb/.sdkman/candidates/java/16.0.1.j9-adpt!/jdk.jdwp.agent" type="simple" />
            <root url="jrt:///home/carlb/.sdkman/candidates/java/16.0.1.j9-adpt!/jdk.jlink" type="simple" />
            <root url="jrt:///home/carlb/.sdkman/candidates/java/16.0.1.j9-adpt!/jdk.jpackage" type="simple" />
            <root url="jrt:///home/carlb/.sdkman/candidates/java/16.0.1.j9-adpt!/jdk.jshell" type="simple" />
            <root url="jrt:///home/carlb/.sdkman/candidates/java/16.0.1.j9-adpt!/jdk.jsobject" type="simple" />
            <root url="jrt:///home/carlb/.sdkman/candidates/java/16.0.1.j9-adpt!/jdk.localedata" type="simple" />
            <root url="jrt:///home/carlb/.sdkman/candidates/java/16.0.1.j9-adpt!/jdk.management" type="simple" />
            <root url="jrt:///home/carlb/.sdkman/candidates/java/16.0.1.j9-adpt!/jdk.management.agent" type="simple" />
            <root url="jrt:///home/carlb/.sdkman/candidates/java/16.0.1.j9-adpt!/jdk.naming.dns" type="simple" />
            <root url="jrt:///home/carlb/.sdkman/candidates/java/16.0.1.j9-adpt!/jdk.naming.rmi" type="simple" />
            <root url="jrt:///home/carlb/.sdkman/candidates/java/16.0.1.j9-adpt!/jdk.net" type="simple" />
            <root url="jrt:///home/carlb/.sdkman/candidates/java/16.0.1.j9-adpt!/jdk.nio.mapmode" type="simple" />
            <root url="jrt:///home/carlb/.sdkman/candidates/java/16.0.1.j9-adpt!/jdk.sctp" type="simple" />
            <root url="jrt:///home/carlb/.sdkman/candidates/java/16.0.1.j9-adpt!/jdk.security.auth" type="simple" />
            <root url="jrt:///home/carlb/.sdkman/candidates/java/16.0.1.j9-adpt!/jdk.security.jgss" type="simple" />
            <root url="jrt:///home/carlb/.sdkman/candidates/java/16.0.1.j9-adpt!/jdk.unsupported" type="simple" />
            <root url="jrt:///home/carlb/.sdkman/candidates/java/16.0.1.j9-adpt!/jdk.unsupported.desktop" type="simple" />
            <root url="jrt:///home/carlb/.sdkman/candidates/java/16.0.1.j9-adpt!/jdk.xml.dom" type="simple" />
            <root url="jrt:///home/carlb/.sdkman/candidates/java/16.0.1.j9-adpt!/jdk.zipfs" type="simple" />
            <root url="jrt:///home/carlb/.sdkman/candidates/java/16.0.1.j9-adpt!/openj9.cuda" type="simple" />
            <root url="jrt:///home/carlb/.sdkman/candidates/java/16.0.1.j9-adpt!/openj9.dataaccess" type="simple" />
            <root url="jrt:///home/carlb/.sdkman/candidates/java/16.0.1.j9-adpt!/openj9.dtfj" type="simple" />
            <root url="jrt:///home/carlb/.sdkman/candidates/java/16.0.1.j9-adpt!/openj9.dtfjview" type="simple" />
            <root url="jrt:///home/carlb/.sdkman/candidates/java/16.0.1.j9-adpt!/openj9.gpu" type="simple" />
            <root url="jrt:///home/carlb/.sdkman/candidates/java/16.0.1.j9-adpt!/openj9.jvm" type="simple" />
            <root url="jrt:///home/carlb/.sdkman/candidates/java/16.0.1.j9-adpt!/openj9.sharedclasses" type="simple" />
            <root url="jrt:///home/carlb/.sdkman/candidates/java/16.0.1.j9-adpt!/openj9.traceformat" type="simple" />
            <root url="jrt:///home/carlb/.sdkman/candidates/java/16.0.1.j9-adpt!/openj9.zosconditionhandling" type="simple" />
          </root>
        </classPath>
        <javadocPath>
          <root type="composite" />
        </javadocPath>
        <sourcePath>
          <root type="composite">
            <root url="jar://$USER_HOME$/.sdkman/candidates/java/16.0.1.j9-adpt/lib/src.zip!/java.se" type="simple" />
            <root url="jar://$USER_HOME$/.sdkman/candidates/java/16.0.1.j9-adpt/lib/src.zip!/jdk.jdi" type="simple" />
            <root url="jar://$USER_HOME$/.sdkman/candidates/java/16.0.1.j9-adpt/lib/src.zip!/jdk.net" type="simple" />
            <root url="jar://$USER_HOME$/.sdkman/candidates/java/16.0.1.j9-adpt/lib/src.zip!/java.rmi" type="simple" />
            <root url="jar://$USER_HOME$/.sdkman/candidates/java/16.0.1.j9-adpt/lib/src.zip!/java.sql" type="simple" />
            <root url="jar://$USER_HOME$/.sdkman/candidates/java/16.0.1.j9-adpt/lib/src.zip!/java.xml" type="simple" />
            <root url="jar://$USER_HOME$/.sdkman/candidates/java/16.0.1.j9-adpt/lib/src.zip!/jdk.jcmd" type="simple" />
            <root url="jar://$USER_HOME$/.sdkman/candidates/java/16.0.1.j9-adpt/lib/src.zip!/jdk.sctp" type="simple" />
            <root url="jar://$USER_HOME$/.sdkman/candidates/java/16.0.1.j9-adpt/lib/src.zip!/java.base" type="simple" />
            <root url="jar://$USER_HOME$/.sdkman/candidates/java/16.0.1.j9-adpt/lib/src.zip!/jdk.jdeps" type="simple" />
            <root url="jar://$USER_HOME$/.sdkman/candidates/java/16.0.1.j9-adpt/lib/src.zip!/jdk.jlink" type="simple" />
            <root url="jar://$USER_HOME$/.sdkman/candidates/java/16.0.1.j9-adpt/lib/src.zip!/jdk.zipfs" type="simple" />
            <root url="jar://$USER_HOME$/.sdkman/candidates/java/16.0.1.j9-adpt/lib/src.zip!/java.prefs" type="simple" />
            <root url="jar://$USER_HOME$/.sdkman/candidates/java/16.0.1.j9-adpt/lib/src.zip!/jdk.attach" type="simple" />
            <root url="jar://$USER_HOME$/.sdkman/candidates/java/16.0.1.j9-adpt/lib/src.zip!/jdk.jshell" type="simple" />
            <root url="jar://$USER_HOME$/.sdkman/candidates/java/16.0.1.j9-adpt/lib/src.zip!/openj9.gpu" type="simple" />
            <root url="jar://$USER_HOME$/.sdkman/candidates/java/16.0.1.j9-adpt/lib/src.zip!/openj9.jvm" type="simple" />
            <root url="jar://$USER_HOME$/.sdkman/candidates/java/16.0.1.j9-adpt/lib/src.zip!/java.naming" type="simple" />
            <root url="jar://$USER_HOME$/.sdkman/candidates/java/16.0.1.j9-adpt/lib/src.zip!/jdk.editpad" type="simple" />
            <root url="jar://$USER_HOME$/.sdkman/candidates/java/16.0.1.j9-adpt/lib/src.zip!/jdk.jartool" type="simple" />
            <root url="jar://$USER_HOME$/.sdkman/candidates/java/16.0.1.j9-adpt/lib/src.zip!/jdk.javadoc" type="simple" />
            <root url="jar://$USER_HOME$/.sdkman/candidates/java/16.0.1.j9-adpt/lib/src.zip!/jdk.xml.dom" type="simple" />
            <root url="jar://$USER_HOME$/.sdkman/candidates/java/16.0.1.j9-adpt/lib/src.zip!/openj9.cuda" type="simple" />
            <root url="jar://$USER_HOME$/.sdkman/candidates/java/16.0.1.j9-adpt/lib/src.zip!/openj9.dtfj" type="simple" />
            <root url="jar://$USER_HOME$/.sdkman/candidates/java/16.0.1.j9-adpt/lib/src.zip!/java.desktop" type="simple" />
            <root url="jar://$USER_HOME$/.sdkman/candidates/java/16.0.1.j9-adpt/lib/src.zip!/java.logging" type="simple" />
            <root url="jar://$USER_HOME$/.sdkman/candidates/java/16.0.1.j9-adpt/lib/src.zip!/jdk.charsets" type="simple" />
            <root url="jar://$USER_HOME$/.sdkman/candidates/java/16.0.1.j9-adpt/lib/src.zip!/jdk.compiler" type="simple" />
            <root url="jar://$USER_HOME$/.sdkman/candidates/java/16.0.1.j9-adpt/lib/src.zip!/jdk.dynalink" type="simple" />
            <root url="jar://$USER_HOME$/.sdkman/candidates/java/16.0.1.j9-adpt/lib/src.zip!/jdk.jconsole" type="simple" />
            <root url="jar://$USER_HOME$/.sdkman/candidates/java/16.0.1.j9-adpt/lib/src.zip!/jdk.jpackage" type="simple" />
            <root url="jar://$USER_HOME$/.sdkman/candidates/java/16.0.1.j9-adpt/lib/src.zip!/jdk.jsobject" type="simple" />
            <root url="jar://$USER_HOME$/.sdkman/candidates/java/16.0.1.j9-adpt/lib/src.zip!/java.compiler" type="simple" />
            <root url="jar://$USER_HOME$/.sdkman/candidates/java/16.0.1.j9-adpt/lib/src.zip!/java.net.http" type="simple" />
            <root url="jar://$USER_HOME$/.sdkman/candidates/java/16.0.1.j9-adpt/lib/src.zip!/jdk.crypto.ec" type="simple" />
            <root url="jar://$USER_HOME$/.sdkman/candidates/java/16.0.1.j9-adpt/lib/src.zip!/java.scripting" type="simple" />
            <root url="jar://$USER_HOME$/.sdkman/candidates/java/16.0.1.j9-adpt/lib/src.zip!/jdk.httpserver" type="simple" />
            <root url="jar://$USER_HOME$/.sdkman/candidates/java/16.0.1.j9-adpt/lib/src.zip!/jdk.jdwp.agent" type="simple" />
            <root url="jar://$USER_HOME$/.sdkman/candidates/java/16.0.1.j9-adpt/lib/src.zip!/jdk.localedata" type="simple" />
            <root url="jar://$USER_HOME$/.sdkman/candidates/java/16.0.1.j9-adpt/lib/src.zip!/jdk.management" type="simple" />
            <root url="jar://$USER_HOME$/.sdkman/candidates/java/16.0.1.j9-adpt/lib/src.zip!/jdk.naming.dns" type="simple" />
            <root url="jar://$USER_HOME$/.sdkman/candidates/java/16.0.1.j9-adpt/lib/src.zip!/jdk.naming.rmi" type="simple" />
            <root url="jar://$USER_HOME$/.sdkman/candidates/java/16.0.1.j9-adpt/lib/src.zip!/java.instrument" type="simple" />
            <root url="jar://$USER_HOME$/.sdkman/candidates/java/16.0.1.j9-adpt/lib/src.zip!/java.management" type="simple" />
            <root url="jar://$USER_HOME$/.sdkman/candidates/java/16.0.1.j9-adpt/lib/src.zip!/java.sql.rowset" type="simple" />
            <root url="jar://$USER_HOME$/.sdkman/candidates/java/16.0.1.j9-adpt/lib/src.zip!/java.xml.crypto" type="simple" />
            <root url="jar://$USER_HOME$/.sdkman/candidates/java/16.0.1.j9-adpt/lib/src.zip!/jdk.internal.ed" type="simple" />
            <root url="jar://$USER_HOME$/.sdkman/candidates/java/16.0.1.j9-adpt/lib/src.zip!/jdk.internal.le" type="simple" />
            <root url="jar://$USER_HOME$/.sdkman/candidates/java/16.0.1.j9-adpt/lib/src.zip!/jdk.nio.mapmode" type="simple" />
            <root url="jar://$USER_HOME$/.sdkman/candidates/java/16.0.1.j9-adpt/lib/src.zip!/jdk.unsupported" type="simple" />
            <root url="jar://$USER_HOME$/.sdkman/candidates/java/16.0.1.j9-adpt/lib/src.zip!/openj9.dtfjview" type="simple" />
            <root url="jar://$USER_HOME$/.sdkman/candidates/java/16.0.1.j9-adpt/lib/src.zip!/java.smartcardio" type="simple" />
            <root url="jar://$USER_HOME$/.sdkman/candidates/java/16.0.1.j9-adpt/lib/src.zip!/jdk.internal.opt" type="simple" />
            <root url="jar://$USER_HOME$/.sdkman/candidates/java/16.0.1.j9-adpt/lib/src.zip!/java.datatransfer" type="simple" />
            <root url="jar://$USER_HOME$/.sdkman/candidates/java/16.0.1.j9-adpt/lib/src.zip!/jdk.accessibility" type="simple" />
            <root url="jar://$USER_HOME$/.sdkman/candidates/java/16.0.1.j9-adpt/lib/src.zip!/jdk.security.auth" type="simple" />
            <root url="jar://$USER_HOME$/.sdkman/candidates/java/16.0.1.j9-adpt/lib/src.zip!/jdk.security.jgss" type="simple" />
            <root url="jar://$USER_HOME$/.sdkman/candidates/java/16.0.1.j9-adpt/lib/src.zip!/openj9.dataaccess" type="simple" />
            <root url="jar://$USER_HOME$/.sdkman/candidates/java/16.0.1.j9-adpt/lib/src.zip!/java.security.jgss" type="simple" />
            <root url="jar://$USER_HOME$/.sdkman/candidates/java/16.0.1.j9-adpt/lib/src.zip!/java.security.sasl" type="simple" />
            <root url="jar://$USER_HOME$/.sdkman/candidates/java/16.0.1.j9-adpt/lib/src.zip!/openj9.traceformat" type="simple" />
            <root url="jar://$USER_HOME$/.sdkman/candidates/java/16.0.1.j9-adpt/lib/src.zip!/java.management.rmi" type="simple" />
            <root url="jar://$USER_HOME$/.sdkman/candidates/java/16.0.1.j9-adpt/lib/src.zip!/java.transaction.xa" type="simple" />
            <root url="jar://$USER_HOME$/.sdkman/candidates/java/16.0.1.j9-adpt/lib/src.zip!/jdk.crypto.cryptoki" type="simple" />
            <root url="jar://$USER_HOME$/.sdkman/candidates/java/16.0.1.j9-adpt/lib/src.zip!/jdk.incubator.vector" type="simple" />
            <root url="jar://$USER_HOME$/.sdkman/candidates/java/16.0.1.j9-adpt/lib/src.zip!/jdk.internal.jvmstat" type="simple" />
            <root url="jar://$USER_HOME$/.sdkman/candidates/java/16.0.1.j9-adpt/lib/src.zip!/jdk.management.agent" type="simple" />
            <root url="jar://$USER_HOME$/.sdkman/candidates/java/16.0.1.j9-adpt/lib/src.zip!/openj9.sharedclasses" type="simple" />
            <root url="jar://$USER_HOME$/.sdkman/candidates/java/16.0.1.j9-adpt/lib/src.zip!/jdk.incubator.foreign" type="simple" />
            <root url="jar://$USER_HOME$/.sdkman/candidates/java/16.0.1.j9-adpt/lib/src.zip!/jdk.unsupported.desktop" type="simple" />
            <root url="jar://$USER_HOME$/.sdkman/candidates/java/16.0.1.j9-adpt/lib/src.zip!/openj9.zosconditionhandling" type="simple" />
          </root>
        </sourcePath>
      </roots>
      <additional />
    </jdk>
  </component>
</application>